{
  "status": "READY",
  "readiness_score": 90,
  "metrics": {
    "accuracy": 0.778,
    "f1_macro": 0.7769068435333132,
    "f1_weighted": 0.7769068435333131,
    "precision_macro": 0.7835577315381477,
    "precision_weighted": 0.7835577315381477,
    "recall_macro": 0.778,
    "recall_weighted": 0.778
  },
  "confusion_matrix": [
    [
      212,
      38
    ],
    [
      73,
      177
    ]
  ],
  "test_samples": 500,
  "class_distribution": {
    "class_0": 250,
    "class_1": 250
  }
}
